,SNP,chromosome,position,gene,p-value,minus_log_p-value,closeness
10625,rs13481466,12,57107315,1700047I17Rik2///Fam177a,1.6144446446375582e-08,7.791976841288253,Unknown
21243,rs6163111,5,74219748,2310040G07Rik,2.2706647673231828e-10,9.643846978703351,trans
21244,rs3153753,5,76574922,2310040G07Rik,1.1102230246251563e-16,15.954589770191006,cis
21245,CEL-5_76522694,5,78208834,2310040G07Rik,3.0341285039980903e-12,11.517966029549475,cis
21246,rs13478357,5,82835236,2310040G07Rik,1.3420209388215198e-10,9.872240708053985,trans
21247,rs3678577,5,85065018,2310040G07Rik,4.9100260524070904e-09,8.308916203521305,trans
31614,rs13482677,15,82944825,2810001A02Rik,3.5121572317109446e-11,10.454426049902628,Unknown
31615,rs13482681,15,83867917,2810001A02Rik,2.219335826225688e-13,12.653776976072885,Unknown
31616,rs13482686,15,85458426,2810001A02Rik,3.3580471736627266e-11,10.473913207210026,Unknown
31617,rs13482687,15,85776069,2810001A02Rik,3.3306690738754696e-16,15.477468515471339,Unknown
31618,rs13482689,15,86437548,2810001A02Rik,1.9130808048828385e-11,10.718266685815054,Unknown
31619,rs6405854,15,87307012,2810001A02Rik,2.703504087264719e-10,9.568072969504236,Unknown
31620,rs3710055,15,87788314,2810001A02Rik,2.085442929455894e-12,11.680801690623484,Unknown
31621,rs13482693,15,87908143,2810001A02Rik,1.1552359069355586e-10,9.93732932086375,Unknown
31622,rs13482695,15,88301261,2810001A02Rik,4.53630233376856e-09,8.343298008455582,Unknown
31623,rs4230970,15,89413298,2810001A02Rik,1.0485588841646633e-08,7.979407175737776,Unknown
34577,rs3657682,12,15739388,3110053B16Rik///Gm4983,7.038813976123492e-14,13.15250051230927,Unknown
34578,rs6180964,12,16835276,3110053B16Rik///Gm4983,1.1102230246251563e-16,15.954589770191006,Unknown
34579,rs4229294,12,26992470,3110053B16Rik///Gm4983,3.124550840283291e-09,8.505212404433967,Unknown
34580,rs13481357,12,27578331,3110053B16Rik///Gm4983,2.0336989758895637e-08,7.691713330068651,Unknown
36324,mCV23384307,14,49708958,3632451O06Rik,1.732606280668847e-10,9.76130011562391,cis
36325,rs6278789,14,50409368,3632451O06Rik,2.304822999121825e-13,12.637362421014586,cis
36326,rs3666583,14,52760254,3632451O06Rik,5.743083786313719e-11,10.240854847715305,trans
36327,rs4230383,14,54987778,3632451O06Rik,2.1493468005395755e-08,7.6676935047462775,trans
39506,rs13482038,13,120059029,4833420G17Rik,1.1102230246251563e-16,15.954589770191006,cis
56896,rs3695202,11,64515287,9130213A22Rik,3.2767899504904114e-11,10.484551396965712,Unknown
56897,rs13481068,11,64596125,9130213A22Rik,1.5402012998322337e-11,10.812422514427752,Unknown
56898,rs13481070,11,64909099,9130213A22Rik,8.706813048320328e-12,11.060140780561108,Unknown
56899,rs3715924,11,67192419,9130213A22Rik,2.1109780590222726e-12,11.675516280617057,Unknown
56900,rs3677986,11,67961048,9130213A22Rik,5.078468756636312e-10,9.294267215036776,Unknown
56901,UT_11_68.607315,11,68849650,9130213A22Rik,2.1109780590222726e-12,11.675516280617057,Unknown
56902,rs13481087,11,69415411,9130213A22Rik,2.866584747351908e-11,10.542635214271922,Unknown
56903,UT_11_70.128831,11,70371167,9130213A22Rik,3.8851544204021585e-09,8.410591714933657,Unknown
56904,rs6217738,11,72486318,9130213A22Rik,2.32665287036582e-08,7.633268407315023,Unknown
67500,rs13477942,4,119150596,AA415398,4.058309244214797e-12,11.391654862689819,cis
67501,rs3675629,4,120731448,AA415398,1.417488537658329e-08,7.848480444288223,cis
71670,rs13482930,17,26950947,AI413582,1.9996056033200205e-08,7.699055654932272,cis
71671,rs13482934,17,27985170,AI413582,9.325873406851317e-15,14.030310484129119,cis
71672,rs13482942,17,30022647,AI413582,6.646716510516626e-11,10.177392843949466,trans
71673,CEL-17_29648158,17,31179361,AI413582,2.195851278585792e-10,9.658397077280569,trans
81933,rs13478144,5,23827219,Abcb8,6.4299676694190574e-12,11.191791210750461,cis
81934,rs6260804,5,24008816,Abcb8,3.8881120545397615e-12,11.410261227293338,cis
81935,rs3706626,5,24621790,Abcb8,1.5864531910381174e-11,10.799572737414026,cis
81936,CEL-5_24068097,5,25161103,Abcb8,4.3298513663359026e-09,8.363527011703924,cis
84402,rs4179504,16,44259587,Abhd10,2.231548279496565e-14,13.651393712770515,cis
84403,rs4180247,16,45072729,Abhd10,7.105427357601003e-14,13.148409796207115,cis
87145,rs8254361,9,119247088,Acaa1a,1.1102230246251563e-16,15.954589770191006,cis
87146,rs13480454,9,120606956,Acaa1a,3.181899188575698e-13,12.497313584129676,cis
87147,rs13480455,9,120927360,Acaa1a,3.8136516167242007e-10,9.418658982985043,cis
89867,rs13477919,4,104961980,Acot11,6.653653183974484e-10,9.176939840108542,cis
89868,rs3664637,4,108237103,Acot11,1.3995835601576799e-08,7.854001167485741,cis
92108,rs13481357,12,27578331,Acp1,1.1949808698119567e-08,7.9226390471858075,trans
92109,rs6238712,12,28507708,Acp1,9.831493397172153e-10,9.007380508120084,trans
92110,rs3707174,12,30398066,Acp1,1.1102230246251563e-16,15.954589770191006,cis
99270,rs13476723,2,117118532,Adal,9.975776871229415e-09,8.001053273310344,trans
99271,UT_2_119.151187,2,118706767,Adal,2.4203861137550572e-11,10.616115347367794,trans
99272,rs13476740,2,121412769,Adal,1.5744262560346556e-09,8.802877676308636,cis
103132,rs3721803,10,3342586,Adat2,1.4024259531453254e-10,9.853120059832467,trans
103133,rs6185923,10,5378623,Adat2,2.7611013475592467e-10,9.55891765207934,trans
103134,rs3695003,10,7632997,Adat2,1.4024259531453254e-10,9.853120059832467,trans
103135,rs3664101,10,9329071,Adat2,2.0371482278847e-12,11.690977369522024,trans
103136,rs4228112,10,12729007,Adat2,4.440892098500626e-16,15.352529778863039,cis
103137,rs4228121,10,13407602,Adat2,6.3282712403633915e-15,14.198714914518511,cis
103138,CEL-10_14286032,10,14292789,Adat2,2.7787327994133193e-11,10.556153212603524,cis
104893,rs6238712,12,28507708,Adi1,4.7574013617435185e-09,8.322630207453887,cis
112208,rs13477694,4,49601465,Alad,5.449035889171228e-09,8.26368033167789,trans
112212,rs13477715,4,55060597,Alad,6.414373476815173e-10,9.192845756880633,trans
112213,rs6239799,4,56510056,Alad,4.6131987119224505e-12,11.335997837905776,trans
112214,rs13477725,4,57626582,Alad,1.4018541882876434e-10,9.853297156494394,trans
112215,UT_4_58.126445,4,58386897,Alad,2.331468351712829e-15,14.632370475457087,trans
112216,rs3712541,4,59848202,Alad,1.1102230246251563e-16,15.954589770191006,trans
112217,rs13477735,4,61518987,Alad,1.1102230246251563e-16,15.954589770191006,cis
112218,rs3690581,4,62368291,Alad,1.7275070263167436e-13,12.762580177537336,cis
112219,rs6254381,4,63346623,Alad,2.7115676370925707e-10,9.566779558091989,cis
119698,D18Mit123,18,56130259,Aldh7a1,5.284661597215745e-14,13.27698281747051,cis
119699,CEL-18_56957668,18,56618687,Aldh7a1,1.1102230246251563e-16,15.954589770191006,cis
119700,rs13483377,18,57241644,Aldh7a1,4.440892098500626e-16,15.352529778863039,cis
119701,rs13483378,18,57453544,Aldh7a1,4.215956583841773e-09,8.375103870161503,cis
158931,rs13479702,8,37203160,Asah1,6.738664071193057e-10,9.171426193081263,trans
158932,rs3654540,8,37656756,Asah1,4.3627323975670145e-11,10.360241425065947,trans
158933,D8Mit294,8,40490765,Asah1,2.2688406708937237e-11,10.644196001330242,cis
158934,rs4227117,8,40709630,Asah1,4.3627323975670145e-11,10.360241425065947,cis
158935,rs13479734,8,45708317,Asah1,6.787431172661228e-09,8.168294561305121,trans
165202,rs13479065,6,136698275,Atf7ip,3.718485630521684e-09,8.429633892433106,cis
185564,rs13476740,2,121412769,B2m,2.781121999362313e-09,8.555779959540113,cis
185565,rs3686617,2,122383806,B2m,4.880489012926148e-09,8.31153666058432,cis
229441,rs13480870,11,11016917,C530030P08Rik,2.456243997084329e-08,7.609728493669338,Unknown
229450,rs3707185,11,19879676,C530030P08Rik,3.2566102037279165e-09,8.487234220710809,Unknown
229451,rs3023251,11,20853304,C530030P08Rik,7.626455023057588e-12,11.117677286643293,Unknown
229452,rs13480929,11,28095396,C530030P08Rik,1.1102230246251563e-16,15.954589770191006,Unknown
229453,rs13480932,11,28975003,C530030P08Rik,1.1102230246251563e-16,15.954589770191006,Unknown
229454,rs13480935,11,29456156,C530030P08Rik,1.1102230246251563e-16,15.954589770191006,Unknown
229455,rs13480937,11,30059387,C530030P08Rik,1.1102230246251563e-16,15.954589770191006,Unknown
229456,rs13480951,11,33538734,C530030P08Rik,1.6653345369377348e-15,14.778498511135323,Unknown
229457,gnf11.035.919,11,34953683,C530030P08Rik,2.5581414764275227e-09,8.592075440806253,Unknown
232110,rs6234904,4,138152372,Camk2n1,1.4214185384275882e-10,9.84727802470033,cis
232111,rs6386918,4,139323756,Camk2n1,1.0607787981342653e-09,8.974375169129079,cis
248934,rs13482637,15,70331556,Cbx7,1.7123287010534227e-08,7.766412863869567,trans
248935,rs3696311,15,70982536,Cbx7,3.790526781344283e-10,9.421300430577244,trans
248936,D15Mit105,15,72331040,Cbx7,9.037723902594053e-09,8.04394093025547,trans
248937,CEL-15_73825145,15,73370669,Cbx7,7.470083218663603e-09,8.126674560004536,trans
248938,rs6342608,15,77990182,Cbx7,1.1102230246251563e-16,15.954589770191006,cis
248939,rs3667755,15,78741347,Cbx7,1.1102230246251563e-16,15.954589770191006,cis
248940,D15Mit189,15,82471605,Cbx7,1.1102230246251563e-16,15.954589770191006,trans
248941,CEL-15_83283496,15,82755972,Cbx7,4.474642878449232e-12,11.349241620036965,trans
264783,gnf13.057.762,13,59805606,Cd59a,1.0215863044393814e-08,7.990724937931674,trans
264784,rs13481845,13,63061924,Cd59a,3.927080882704104e-11,10.405930153847908,trans
264785,D13Mit224,13,64187020,Cd59a,1.423228201957727e-11,10.84672545908288,trans
264786,rs6220659,13,64303979,Cd59a,3.927080882704104e-11,10.405930153847908,trans
264787,rs4229817,13,66981471,Cd59a,2.642330798607873e-13,12.578012813134489,trans
270461,rs13478001,4,135998441,Cda,8.426560560437223e-10,9.074349653658373,cis
270462,rs6234904,4,138152372,Cda,3.893552147360424e-13,12.4096540043095,cis
270463,rs6386918,4,139323756,Cda,1.2084588885130645e-10,9.917768119601073,cis
270464,rs13478021,4,140166294,Cda,1.5001491715516124e-08,7.823865553503913,trans
273462,rs13476805,2,139549796,Cdk5rap1,8.364583248265944e-09,8.07755569217764,trans
273464,rs3675388,2,152495773,Cdk5rap1,9.440132564542124e-09,8.025021907010732,cis
273465,rs6291774,2,154372104,Cdk5rap1,5.43481259995815e-09,8.264815426408825,cis
273466,rs6265656,2,156689630,Cdk5rap1,1.5799232810920216e-08,7.801364001278067,trans
279850,rs8264884,2,130881868,Cenpb,3.383116009558762e-11,10.470683109676582,cis
279851,rs4223510,2,131679415,Cenpb,3.914402135762886e-11,10.407334560289764,cis
283100,rs3151902,3,36502923,Cetn4,5.890288257148767e-12,11.22986345132057,cis
283101,rs13477062,3,36739264,Cetn4,1.468780652658097e-11,10.833043056798584,cis
283102,petM-02707-1,3,37307265,Cetn4,1.2281564654159638e-10,9.910746301160586,cis
286747,rs13479559,7,146654035,Cfap46,1.0108579195922118e-08,7.995309882068068,Unknown
288538,rs6191721,10,91382291,Cfap54,1.0623241175622409e-09,8.973742958778931,Unknown
288539,rs6397304,10,92435431,Cfap54,4.074518500374325e-13,12.389923705938914,Unknown
288540,rs13480720,10,96758375,Cfap54,5.4712833152947846e-09,8.261910795900027,Unknown
318996,mCV22971719,11,101112194,Coa3,5.218048215738236e-15,14.282491912255287,Unknown
318997,rs13481194,11,101460336,Coa3,7.670208912458067e-11,10.115192807068992,Unknown
318998,rs3690511,11,103578808,Coa3,7.97661969809127e-09,8.09818111334649,Unknown
323000,rs13476805,2,139549796,Commd7,1.4155207006538715e-09,8.849083775105653,trans
323001,rs6209325,2,147881059,Commd7,1.4471945863903102e-10,9.83947307073725,trans
323002,rs3675388,2,152495773,Commd7,2.0626833574510783e-12,11.685567435461769,cis
323003,rs6291774,2,154372104,Commd7,1.2375656055496622e-12,11.907431769062695,cis
323004,rs6265656,2,156689630,Commd7,6.49807985197981e-11,10.187214956108747,trans
323005,gnf02.161.674,2,158566515,Commd7,2.532995924120485e-09,8.596365509038272,trans
325677,rs4164131,16,14378705,Comt,3.838642737008513e-09,8.415822305847124,Unknown
325679,rs4165069,16,17663456,Comt,3.514966095963245e-13,12.454078859664664,Unknown
325680,rs4165081,16,19883171,Comt,1.1102230246251563e-16,15.954589770191006,Unknown
325681,rs4165279,16,21323714,Comt,7.771561172376097e-16,15.109491730176744,Unknown
325682,rs4165287,16,22028919,Comt,3.160804951107821e-13,12.500202303044047,Unknown
326471,rs13478398,5,94154652,Coq2,8.007864038539479e-09,8.0964833091318,trans
326472,rs3712722,5,98239478,Coq2,1.1324274851176594e-13,12.945989598429087,trans
326473,rs13478413,5,99431953,Coq2,4.440892098500626e-16,15.352529778863039,cis
326474,rs3683611,5,100641822,Coq2,1.1102230246251563e-16,15.954589770191006,cis
326475,rs13478428,5,103062844,Coq2,1.2788811121211554e-09,8.893169826709467,cis
326476,rs6297352,5,103545840,Coq2,2.0543384993132463e-08,7.687327994881045,trans
329662,rs13478370,5,85890223,Cox18,3.818056981685913e-13,12.418157594368989,trans
329663,rs13478386,5,90500266,Cox18,6.661338147750938e-16,15.17643851980736,cis
329664,rs4225368,5,90925271,Cox18,5.650936385492855e-10,9.247879581674836,cis
329666,rs13478392,5,92179790,Cox18,1.3454775071863876e-09,8.87112355809085,cis
358931,rs13481123,11,82070986,Cuedc1,8.749476365643716e-09,8.058017937642411,trans
358932,rs13481128,11,83521936,Cuedc1,2.4501400908150124e-11,10.610809083419731,trans
358933,rs3720112,11,87668082,Cuedc1,1.1102230246251563e-16,15.954589770191006,cis
358934,rs3659504,11,88522934,Cuedc1,2.7733815244346264e-11,10.556990381933435,cis
358935,rs13481150,11,89612737,Cuedc1,7.4499381108594775e-09,8.12784733506699,cis
363996,D15Mit189,15,82471605,Cyb5r3,6.384377471135849e-10,9.194881443589491,cis
363997,CEL-15_83283496,15,82755972,Cyb5r3,1.6971180016867035e-10,9.770287959862813,cis
363998,rs13482677,15,82944825,Cyb5r3,1.1102230246251563e-16,15.954589770191006,cis
363999,rs13482681,15,83867917,Cyb5r3,1.1102230246251563e-16,15.954589770191006,cis
364000,rs13482686,15,85458426,Cyb5r3,3.607669718519446e-12,11.442773228887914,trans
364001,rs13482687,15,85776069,Cyb5r3,2.2870594307278225e-14,13.640722549821849,trans
364002,rs13482689,15,86437548,Cyb5r3,7.843725668976731e-12,11.105477604006426,trans
364003,rs6405854,15,87307012,Cyb5r3,1.198377175271048e-09,8.921406471297008,trans
364004,rs3710055,15,87788314,Cyb5r3,3.742191001521178e-10,9.426874049869216,trans
365172,rs3674339,9,85386930,Cyb5r4,1.5858425683745734e-12,11.799739928670261,cis
365173,D9Mit11,9,86133452,Cyb5r4,9.847678228425141e-14,13.006666150359276,cis
365174,rs3700596,9,86198704,Cyb5r4,3.83026943495679e-14,13.416770675117727,cis
365175,rs3669564,9,87780386,Cyb5r4,4.3638526125988614e-10,9.360129925960864,cis
365176,rs3693091,9,90299276,Cyb5r4,6.201780089476472e-09,8.207483637585979,trans
375808,rs3698196,3,85931836,Dap3,1.4336489773114636e-09,8.843557170758977,trans
375809,UT_3_90.000791,3,87719794,Dap3,3.6234271139079515e-10,9.440880470193902,cis
375810,rs13477251,3,88658602,Dap3,7.286022896124678e-10,9.137509468333606,cis
375811,UT_3_93.299511,3,90413739,Dap3,9.21814458099135e-09,8.035356484513265,cis
378945,rs13476889,2,164133261,Dbndd2,4.374085205149925e-09,8.359112761361017,cis
378946,rs8275857,2,164199696,Dbndd2,2.9881787044772068e-09,8.52459343361447,cis
390692,rs13480026,8,126224093,Def8,8.448464150490054e-12,11.073222234433933,cis
399089,rs3701623,14,73597329,Dgkh,7.554818992616674e-10,9.121775936546594,trans
399090,rs13482263,14,78783158,Dgkh,1.0974476882807947e-10,9.959616171981006,cis
399091,rs3665356,14,78964398,Dgkh,2.5149882176833667e-12,11.599464045203314,cis
405260,rs3695202,11,64515287,Dlg4,9.992007221626409e-16,15.000347260751676,trans
405261,rs13481068,11,64596125,Dlg4,2.220446049250313e-16,15.653559774527023,trans
405262,rs13481070,11,64909099,Dlg4,1.1102230246251563e-16,15.954589770191006,trans
405263,rs3715924,11,67192419,Dlg4,1.1102230246251563e-16,15.954589770191006,trans
405264,rs3677986,11,67961048,Dlg4,1.7763568394002505e-15,14.750469787535078,cis
405265,UT_11_68.607315,11,68849650,Dlg4,1.1102230246251563e-16,15.954589770191006,cis
405266,rs13481087,11,69415411,Dlg4,1.1102230246251563e-16,15.954589770191006,cis
405267,UT_11_70.128831,11,70371167,Dlg4,1.1102230246251563e-16,15.954589770191006,cis
405268,rs6217738,11,72486318,Dlg4,4.163336342344337e-13,12.380558502463286,trans
418806,rs13476364,2,19000350,Dpp7,2.1709745112730158e-10,9.663345275430178,trans
418807,rs6193345,2,23199300,Dpp7,1.724487219689763e-11,10.76334001987518,trans
418808,CEL-2_24053663,2,23949161,Dpp7,7.66053886991358e-15,14.115740679453747,cis
418809,mCV23574676,2,26733408,Dpp7,5.08149078370934e-13,12.294008857763705,cis
418810,rs13476408,2,30296487,Dpp7,4.344803294920041e-09,8.36202988086424,trans
418811,rs13459062,2,31027541,Dpp7,1.4604656706218577e-08,7.8355086469990365,trans
430898,rs13481462,12,55741344,Eapp,1.1102230246251563e-16,15.954589770191006,cis
430899,rs13481466,12,57107315,Eapp,7.771561172376097e-16,15.109491730176744,cis
430900,rs3705833,12,59053627,Eapp,3.0008551199500744e-10,9.522754971627826,trans
450766,rs13476364,2,19000350,Entpd2,1.595166776446888e-09,8.797193904265647,trans
450767,rs6193345,2,23199300,Entpd2,7.30469129628375e-10,9.136398133070328,trans
450768,CEL-2_24053663,2,23949161,Entpd2,9.678591261774727e-12,11.014187850518095,cis
450769,mCV23574676,2,26733408,Entpd2,2.344567318068869e-09,8.629937293125122,cis
453087,rs8254361,9,119247088,Entpd3,2.55351295663786e-14,13.59286193417341,cis
453088,rs13480454,9,120606956,Entpd3,5.2735593669694936e-14,13.277896160566135,cis
453089,rs13480455,9,120927360,Entpd3,8.676970253418403e-11,10.061631891403604,cis
453090,rs13459114,9,121825028,Entpd3,6.9231295141136676e-09,8.159697543769356,cis
466870,rs3151902,3,36502923,Exosc9,5.137806846633453e-10,9.289222226854037,cis
466871,rs13477062,3,36739264,Exosc9,1.1597014459852062e-09,8.935653801333126,cis
468609,CEL-4_130248229,4,131555157,Extl1,2.9135582835237983e-12,11.535576289755195,trans
468610,rs3664871,4,132410010,Extl1,4.1877612488860905e-13,12.378018086125712,cis
468611,D4Mit339,4,133923341,Extl1,1.4011014570769476e-13,12.853530415282886,cis
468612,rs3663950,4,135285446,Extl1,4.1877612488860905e-13,12.378018086125712,cis
468613,rs13478001,4,135998441,Extl1,3.732347764184851e-12,11.42801789733979,trans
468614,rs6234904,4,138152372,Extl1,1.8781916022447827e-09,8.726260105598612,trans
484856,rs13479374,7,91031062,Fah,2.8608992952428025e-10,9.543497429258736,cis
491003,rs6316711,4,155235047,Fam132a,6.314272438245894e-09,8.19967668378775,cis
491004,rs3720634,4,155281703,Fam132a,6.473932501194213e-12,11.188831832970473,cis
496929,rs3711945,19,58785854,Fam45a,2.220446049250313e-16,15.653559774527023,trans
496930,rs3658400,19,59530841,Fam45a,8.104628079763644e-15,14.091266910070548,cis
496931,UT_4_59.889299,19,60157522,Fam45a,1.1102230246251563e-16,15.954589770191006,cis
496932,rs6193060,19,61297371,Fam45a,6.923893236532308e-09,8.159649637379887,cis
498452,rs13483499,19,3413095,Fam89b,1.6880500552929334e-08,7.772614679502307,Unknown
498453,rs13483502,19,4316396,Fam89b,1.53351775722399e-11,10.814311190780456,Unknown
498454,gnf19.001.480,19,4609414,Fam89b,3.1974423109204515e-14,13.495197282431775,Unknown
498455,rs13483511,19,6542811,Fam89b,1.5691892230051966e-11,10.804324683212302,Unknown
506970,rs13478024,4,140884373,Fbxo44,1.5417185861288374e-08,7.811994891943263,trans
506972,rs3718552,4,142466392,Fbxo44,1.5417185861288374e-08,7.811994891943263,trans
506973,rs3023025,4,142772319,Fbxo44,3.2036095998222436e-10,9.494360413615679,trans
506974,rs6316136,4,142959727,Fbxo44,9.067857575928427e-12,11.042495309727054,trans
506975,rs4224919,4,144563168,Fbxo44,9.99866855977416e-13,12.00005782756409,trans
506976,rs3675987,4,147659225,Fbxo44,1.6653345369377348e-15,14.778498511135323,cis
508418,rs3151902,3,36502923,Fgf2,7.357187081780125e-10,9.133288200386513,cis
508419,rs13477062,3,36739264,Fgf2,1.3564942502597432e-09,8.867582042732282,cis
508420,petM-02707-1,3,37307265,Fgf2,3.217426325363704e-13,12.492491389055848,cis
508421,rs6274061,3,38788807,Fgf2,1.1325679283302748e-09,8.945935740737387,cis
510781,rs3657682,12,15739388,Fggy,2.720046410331633e-14,13.56542368582647,trans
510782,rs6180964,12,16835276,Fggy,1.1102230246251563e-16,15.954589770191006,trans
510783,rs4229294,12,26992470,Fggy,1.4451426721961982e-09,8.840089274922082,trans
510784,rs13481357,12,27578331,Fggy,1.0555371465770236e-08,7.976526478349173,trans
539273,rs3719174,8,83396538,Gadd45gip1,5.111855827522049e-09,8.291421403322772,trans
539274,rs13479859,8,84568955,Gadd45gip1,5.935474334251012e-11,10.22654456861903,trans
539275,rs13479825,8,85707108,Gadd45gip1,2.2648549702353197e-14,13.644959602765105,cis
539276,rs3698182,8,86111850,Gadd45gip1,6.150635556423367e-14,13.211080005462573,cis
539277,rs13479879,8,89032866,Gadd45gip1,6.326605905826455e-12,11.198829217580602,cis
547873,CEL-17_21879142,17,23322637,Gfer,4.263520425595857e-09,8.370231652065616,cis
554265,CEL-17_21879142,17,23322637,Glo1,1.0577763887020808e-08,7.975606131371528,trans
554266,rs13482930,17,26950947,Glo1,3.0880675794264784e-10,9.510313204109984,trans
554267,rs13482934,17,27985170,Glo1,7.771561172376096e-15,14.109491730176744,trans
554268,rs13482942,17,30022647,Glo1,1.1102230246251563e-16,15.954589770191006,cis
554269,CEL-17_29648158,17,31179361,Glo1,1.1102230246251563e-16,15.954589770191006,cis
554270,rs13482947,17,31769796,Glo1,2.331468351712829e-15,14.632370475457087,cis
554271,rs6242153,17,32068298,Glo1,1.993960552226781e-12,11.700283437859714,cis
563848,gnf17.005.541,17,8688392,Gm10509///Zfp983,5.1451518601197685e-09,8.288601802429492,Unknown
563849,rs13482864,17,9565936,Gm10509///Zfp983,4.253775109930302e-11,10.371225474258877,Unknown
563850,rs13482868,17,10586984,Gm10509///Zfp983,2.9136026924447827e-11,10.535569670219745,Unknown
563851,rs13482873,17,11606730,Gm10509///Zfp983,3.319566843629218e-14,13.478918581866571,Unknown
563852,CEL-17_20354682,17,21827381,Gm10509///Zfp983,8.208989044078407e-12,11.085710323953917,Unknown
563853,CEL-17_21879142,17,23322637,Gm10509///Zfp983,7.321892314671174e-09,8.135376662710428,Unknown
569305,rs6316711,4,155235047,Gm10560,1.5762058325208272e-11,10.80238706978364,cis
569306,rs3720634,4,155281703,Gm10560,4.4070447291488785e-10,9.355852541610806,cis
572425,rs6232550,4,40972607,Gm10590,9.362732811268869e-12,11.028597370105047,cis
572426,rs13477670,4,42803507,Gm10590,1.1102230246251563e-16,15.954589770191006,cis
572427,D4Mit286,4,43209772,Gm10590,1.1102230246251563e-16,15.954589770191006,cis
572428,rs13477674,4,43562053,Gm10590,1.1102230246251563e-16,15.954589770191006,cis
572429,rs13477678,4,45502303,Gm10590,1.2434497875801752e-14,13.905371747520821,trans
572430,rs3694836,4,45985764,Gm10590,3.4416913763379853e-15,14.46322807635673,trans
575039,CEL-17_21879142,17,23322637,Gm10653///Rps2,1.123475301678667e-08,7.949436470608065,Unknown
623349,rs13476358,2,16227339,Gm13375,4.636691031123519e-11,10.333791842630989,trans
623350,rs13476364,2,19000350,Gm13375,1.1102230246251563e-16,15.954589770191006,cis
623351,rs6193345,2,23199300,Gm13375,4.985900581289116e-12,11.302256385565098,trans
623352,CEL-2_24053663,2,23949161,Gm13375,1.1801848387449357e-10,9.92804996882912,trans
623353,mCV23574676,2,26733408,Gm13375,3.5989180524609314e-09,8.443828042140977,trans
626905,rs13478446,5,107623394,Gm15446///Zfp932,1.825114870346312e-08,7.738709796419793,Unknown
626906,CEL-5_106241511,5,109222883,Gm15446///Zfp932,1.654532066908132e-11,10.781324811250398,Unknown
626907,rs13459088,5,111078136,Gm15446///Zfp932,6.866553992068702e-10,9.16326116071327,Unknown
626908,rs6331425,5,112371951,Gm15446///Zfp932,8.005587526227488e-09,8.09660678991141,Unknown
634747,rs6232550,4,40972607,Gm17167///Gm21158///Gm3893///Gm7819///Gm10590///Gm5859///4933409K07Rik,1.4907722833967796e-09,8.826588690294193,Unknown
634748,rs13477670,4,42803507,Gm17167///Gm21158///Gm3893///Gm7819///Gm10590///Gm5859///4933409K07Rik,1.1102230246251564e-14,13.954589770191006,Unknown
634749,D4Mit286,4,43209772,Gm17167///Gm21158///Gm3893///Gm7819///Gm10590///Gm5859///4933409K07Rik,1.1102230246251563e-16,15.954589770191006,Unknown
634750,rs13477674,4,43562053,Gm17167///Gm21158///Gm3893///Gm7819///Gm10590///Gm5859///4933409K07Rik,1.1102230246251564e-14,13.954589770191006,Unknown
634751,rs13477678,4,45502303,Gm17167///Gm21158///Gm3893///Gm7819///Gm10590///Gm5859///4933409K07Rik,1.1201040095443202e-12,11.950741648156704,Unknown
634752,rs3694836,4,45985764,Gm17167///Gm21158///Gm3893///Gm7819///Gm10590///Gm5859///4933409K07Rik,4.4741987892393815e-14,13.349284724049895,Unknown
636345,rs6232550,4,40972607,Gm17167///Gm21158///Gm3893///Gm7819///Gm10590///Gm5859///4933409K07Rik///4930578G10Rik,4.514176810133108e-10,9.345421434588932,Unknown
636346,rs13477670,4,42803507,Gm17167///Gm21158///Gm3893///Gm7819///Gm10590///Gm5859///4933409K07Rik///4930578G10Rik,5.440092820663267e-15,14.264393690162489,Unknown
636347,D4Mit286,4,43209772,Gm17167///Gm21158///Gm3893///Gm7819///Gm10590///Gm5859///4933409K07Rik///4930578G10Rik,1.1102230246251563e-16,15.954589770191006,Unknown
636348,rs13477674,4,43562053,Gm17167///Gm21158///Gm3893///Gm7819///Gm10590///Gm5859///4933409K07Rik///4930578G10Rik,5.440092820663267e-15,14.264393690162489,Unknown
636349,rs13477678,4,45502303,Gm17167///Gm21158///Gm3893///Gm7819///Gm10590///Gm5859///4933409K07Rik///4930578G10Rik,3.596012376760882e-13,12.444178822180824,Unknown
636350,rs3694836,4,45985764,Gm17167///Gm21158///Gm3893///Gm7819///Gm10590///Gm5859///4933409K07Rik///4930578G10Rik,4.440892098500626e-16,15.352529778863039,Unknown
641817,rs3657682,12,15739388,Gm19924///Gm9222///3110053B16Rik///Gm4983///2410018L13Rik///9030624G23Rik,8.380043325928456e-10,9.076753736004207,Unknown
641818,rs6180964,12,16835276,Gm19924///Gm9222///3110053B16Rik///Gm4983///2410018L13Rik///9030624G23Rik,1.0506484571237706e-11,10.978542572906456,Unknown
643415,rs3657682,12,15739388,Gm19924///Gm9257///Gm9222///Gm5784///Gm4983///2410018L13Rik///9030624G23Rik///Hpcal1,5.784261958297067e-14,13.23775204689148,Unknown
643416,rs6180964,12,16835276,Gm19924///Gm9257///Gm9222///Gm5784///Gm4983///2410018L13Rik///9030624G23Rik///Hpcal1,1.1102230246251563e-16,15.954589770191006,Unknown
643417,rs4229294,12,26992470,Gm19924///Gm9257///Gm9222///Gm5784///Gm4983///2410018L13Rik///9030624G23Rik///Hpcal1,2.361654383165046e-08,7.626783658994692,Unknown
650728,rs13477670,4,42803507,Gm21541///Gm1987///Gm13304///Gm10591///Ccl21b///Ccl21c///Ccl21a,5.801373825775612e-10,9.236469148798788,Unknown
650729,D4Mit286,4,43209772,Gm21541///Gm1987///Gm13304///Gm10591///Ccl21b///Ccl21c///Ccl21a,2.956668243569993e-11,10.529197403262154,Unknown
650730,rs13477674,4,43562053,Gm21541///Gm1987///Gm13304///Gm10591///Ccl21b///Ccl21c///Ccl21a,5.801373825775612e-10,9.236469148798788,Unknown
650731,rs13477678,4,45502303,Gm21541///Gm1987///Gm13304///Gm10591///Ccl21b///Ccl21c///Ccl21a,1.209186006878582e-08,7.917506887272072,Unknown
650732,rs3694836,4,45985764,Gm21541///Gm1987///Gm13304///Gm10591///Ccl21b///Ccl21c///Ccl21a,4.5736658904615984e-10,9.339735564090585,Unknown
658130,gnf17.005.541,17,8688392,Gm3435///9030025P20Rik///Ermard///Rbmxl1,2.624789274818795e-12,11.580905557193987,Unknown
658131,rs13482864,17,9565936,Gm3435///9030025P20Rik///Ermard///Rbmxl1,1.1102230246251563e-16,15.954589770191006,Unknown
658132,rs13482868,17,10586984,Gm3435///9030025P20Rik///Ermard///Rbmxl1,1.1102230246251563e-16,15.954589770191006,Unknown
658133,rs13482873,17,11606730,Gm3435///9030025P20Rik///Ermard///Rbmxl1,1.1102230246251563e-15,14.954589770191006,Unknown
658134,CEL-17_20354682,17,21827381,Gm3435///9030025P20Rik///Ermard///Rbmxl1,1.5354051363658527e-11,10.813777010888467,Unknown
658135,CEL-17_21879142,17,23322637,Gm3435///9030025P20Rik///Ermard///Rbmxl1,8.815040253296047e-09,8.054775700183214,Unknown
661967,CEL-4_130248229,4,131555157,Gm42035///Gm3579,9.90040605053366e-10,9.004346993090348,Unknown
661968,rs3664871,4,132410010,Gm42035///Gm3579,1.9823032104682166e-12,11.702829915662205,Unknown
661969,D4Mit339,4,133923341,Gm42035///Gm3579,2.3253621250773908e-12,11.633509405493765,Unknown
661970,rs3663950,4,135285446,Gm42035///Gm3579,1.9823032104682166e-12,11.702829915662205,Unknown
661971,rs13478001,4,135998441,Gm42035///Gm3579,3.31768867933846e-09,8.479164369122024,Unknown
672052,rs13459122,10,80258109,Gm4924,1.1102230246251563e-16,15.954589770191006,cis
672053,gnf10.081.801,10,82278517,Gm4924,1.1102230246251563e-16,15.954589770191006,cis
672054,rs13480679,10,84376304,Gm4924,1.1102230246251563e-16,15.954589770191006,trans
672055,CEL-10_86185623,10,85914426,Gm4924,2.5158430894123285e-11,10.599316448889493,trans
672056,CEL-10_87391383,10,87106144,Gm4924,3.999206521498877e-09,8.39802616805166,trans
673777,rs3657682,12,15739388,Gm4983,2.1871393585115587e-14,13.66012354402941,trans
673778,rs6180964,12,16835276,Gm4983,1.1102230246251563e-16,15.954589770191006,cis
674610,rs3151902,3,36502923,Gm5148,1.3433698597964394e-14,13.871804399874554,cis
674611,rs13477062,3,36739264,Gm5148,4.2410519540680986e-14,13.372526407279295,cis
674612,petM-02707-1,3,37307265,Gm5148,1.1102230246251563e-16,15.954589770191006,cis
674613,rs6274061,3,38788807,Gm5148,4.804259212676243e-10,9.318373568380308,cis
681239,rs13459088,5,111078136,Gm5779///Rplp0,4.002566056371393e-09,8.397661491968098,Unknown
681240,rs6331425,5,112371951,Gm5779///Rplp0,1.825758433326996e-09,8.738556684640272,Unknown
681241,rs3657810,5,113832345,Gm5779///Rplp0,2.5679125492672486e-11,10.590419770329571,Unknown
681242,rs3719767,5,115597884,Gm5779///Rplp0,2.0383694732117874e-13,12.69071709332578,Unknown
685188,rs13482637,15,70331556,Gm5879///Rpl3///Rpl3-ps1///Ralgps2///Rpl3///Syngr1,5.79390357913212e-09,8.23702873650528,Unknown
685189,rs3696311,15,70982536,Gm5879///Rpl3///Rpl3-ps1///Ralgps2///Rpl3///Syngr1,7.830824877430587e-11,10.106192488153079,Unknown
685190,D15Mit105,15,72331040,Gm5879///Rpl3///Rpl3-ps1///Ralgps2///Rpl3///Syngr1,3.703618967065836e-09,8.4313737004493,Unknown
685191,CEL-15_73825145,15,73370669,Gm5879///Rpl3///Rpl3-ps1///Ralgps2///Rpl3///Syngr1,8.376722537839498e-09,8.076925869454447,Unknown
685192,rs6342608,15,77990182,Gm5879///Rpl3///Rpl3-ps1///Ralgps2///Rpl3///Syngr1,1.1102230246251563e-16,15.954589770191006,Unknown
685193,rs3667755,15,78741347,Gm5879///Rpl3///Rpl3-ps1///Ralgps2///Rpl3///Syngr1,1.1102230246251563e-16,15.954589770191006,Unknown
685194,D15Mit189,15,82471605,Gm5879///Rpl3///Rpl3-ps1///Ralgps2///Rpl3///Syngr1,1.1102230246251563e-16,15.954589770191006,Unknown
685195,CEL-15_83283496,15,82755972,Gm5879///Rpl3///Rpl3-ps1///Ralgps2///Rpl3///Syngr1,2.0006218903745318e-13,12.698834983547961,Unknown
685196,rs13482677,15,82944825,Gm5879///Rpl3///Rpl3-ps1///Ralgps2///Rpl3///Syngr1,1.7755660164375797e-08,7.750663175774894,Unknown
707335,rs3657682,12,15739388,Gm9257///9030624G23Rik,1.5465097757960677e-08,7.8106473303902755,Unknown
707336,rs6180964,12,16835276,Gm9257///9030624G23Rik,6.472267166657275e-12,11.188943563922017,Unknown
743789,gnf08.023.320,8,25963094,Gsr,4.3145333972205435e-09,8.36506616494751,trans
743790,rs13459102,8,26133139,Gsr,1.3776457752356921e-10,9.860862435285027,trans
743791,CEL-8_25677705,8,28002388,Gsr,4.5997428088639936e-11,10.337266450886649,trans
743792,CEL-8_26907016,8,29180211,Gsr,2.3611224087005673e-11,10.626881497019056,trans
743793,rs13479673,8,30344779,Gsr,4.3597125909400354e-11,10.360542140154124,trans
743794,mCV24506226,8,31744603,Gsr,1.5532020114505937e-13,12.808772055699176,trans
743795,rs3680402,8,33934049,Gsr,1.1102230246251563e-16,15.954589770191006,cis
743796,rs3697344,8,34630321,Gsr,1.242561609160475e-12,11.905682068707232,cis
743797,D8Mit189,8,35339349,Gsr,6.834532939592465e-13,12.165291159031565,cis
743798,rs6182243,8,35372423,Gsr,1.242561609160475e-12,11.905682068707232,cis
758809,CEL-17_21879142,17,23322637,H2-Ea-ps,2.3952104744040525e-09,8.62065631780015,Unknown
758810,rs13482930,17,26950947,H2-Ea-ps,2.1892307966453473e-09,8.659708451120133,Unknown
758811,rs13482934,17,27985170,H2-Ea-ps,9.909756348847054e-10,9.003937023380724,Unknown
758814,rs13482947,17,31769796,H2-Ea-ps,2.973181700838268e-09,8.526778548830686,Unknown
758815,rs6242153,17,32068298,H2-Ea-ps,3.346502963630371e-09,8.475408786053356,Unknown
758816,rs3672987,17,33247165,H2-Ea-ps,1.0225154056797693e-13,12.990330139994153,Unknown
758817,rs13482967,17,37015393,H2-Ea-ps,6.569411681311976e-12,11.182473521612241,Unknown
762012,rs3672987,17,33247165,H2-Ke6,6.241673844442629e-13,12.204698928919582,cis
762013,rs13482967,17,37015393,H2-Ke6,9.059297756408569e-11,10.04290546593653,trans
765201,CEL-17_21879142,17,23322637,H2-Q2,7.381477318268992e-09,8.131856710404007,trans
765202,rs13482930,17,26950947,H2-Q2,2.0366330844012737e-10,9.691087205547221,trans
765203,rs13482934,17,27985170,H2-Q2,1.450495279442521e-10,9.838483680246632,trans
765206,rs13482947,17,31769796,H2-Q2,1.9947155038835266e-11,10.700119036771273,trans
765207,rs6242153,17,32068298,H2-Q2,6.106226635438361e-15,14.214227080696759,trans
765208,rs3672987,17,33247165,H2-Q2,1.1102230246251563e-16,15.954589770191006,trans
765209,rs13482967,17,37015393,H2-Q2,1.1102230246251563e-16,15.954589770191006,cis
784966,rs13477694,4,49601465,Hdhd3,1.2775076441151612e-08,7.89363649253407,trans
784970,rs13477715,4,55060597,Hdhd3,4.492098359953901e-09,8.347550742900886,trans
784971,rs6239799,4,56510056,Hdhd3,4.527711539026314e-11,10.3441212498851,trans
784972,rs13477725,4,57626582,Hdhd3,1.1153983292544467e-09,8.952570010369936,trans
784973,UT_4_58.126445,4,58386897,Hdhd3,7.327471962526032e-15,14.135045834649134,trans
784974,rs3712541,4,59848202,Hdhd3,1.1102230246251563e-16,15.954589770191006,trans
784975,rs13477735,4,61518987,Hdhd3,1.1102230246251563e-16,15.954589770191006,cis
784976,rs3690581,4,62368291,Hdhd3,5.218048215738236e-15,14.282491912255287,cis
784977,rs6254381,4,63346623,Hdhd3,4.381872642511553e-11,10.358340249198463,cis
787082,CEL-10_14286032,10,14292789,Hebp2,5.69251978888019e-09,8.244695450974298,trans
787083,rs13480525,10,18980512,Hebp2,2.4847288782048335e-08,7.604720992493348,cis
830157,UT_9_35.918713,9,35020042,Hspa8,5.3862136972782076e-11,10.268716420009609,trans
830158,UT_9_38.426043,9,37454776,Hspa8,1.1102230246251563e-16,15.954589770191006,trans
830159,rs6240566,9,40268402,Hspa8,1.1102230246251563e-16,15.954589770191006,cis
830160,rs3023208,9,40929720,Hspa8,1.1102230246251563e-16,15.954589770191006,cis
830161,rs6316763,9,41077792,Hspa8,4.3709480479492403e-13,12.359424355400774,cis
830162,D9Mit227,9,41298949,Hspa8,3.883607879728857e-10,9.41076462641257,cis
830163,rs3702448,9,41870632,Hspa8,4.8722775813914154e-09,8.312267977224014,cis
830165,rs3673816,9,47039895,Hspa8,1.185757636523732e-08,7.92600406972105,trans
833180,rs4226520,7,30566471,Hspb6,3.938381842871763e-10,9.404682179459243,cis
833183,CEL-7_20141278,7,31950331,Hspb6,3.243413315701105e-10,9.48899770464473,cis
836276,rs13478602,6,3797192,Ica1,2.068338122995783e-08,7.684378463185527,trans
836277,CEL-6_8231384,6,8447401,Ica1,1.3524958930588584e-11,10.868864044982637,cis
836278,rs13478623,6,9485706,Ica1,2.5141222437241595e-11,10.599613609512376,cis
836279,rs13478632,6,11712185,Ica1,2.5809232528928305e-10,9.588224909574963,trans
841036,rs3677428,5,107349228,Idua,2.298847001647175e-09,8.6384899319719,cis
841037,rs13478446,5,107623394,Idua,2.0432711078655075e-10,9.689674005938018,cis
841038,CEL-5_106241511,5,109222883,Idua,4.686251386942787e-13,12.329174418036597,cis
841039,rs13459088,5,111078136,Idua,5.626843435635464e-11,10.249735168724724,cis
841040,rs6331425,5,112371951,Idua,2.2312240943733744e-10,9.6514568088904,trans
842546,rs6234904,4,138152372,Iffo2,3.104261292463661e-10,9.508041730358707,cis
842547,rs6386918,4,139323756,Iffo2,1.4727656871826864e-09,8.831866342674065,cis
859374,rs6342608,15,77990182,Ift27,1.7309254030095644e-10,9.761721648334543,Unknown
865693,CEL-14_49073718,14,57704960,Il17d,2.998672421483661e-10,9.523070974491349,cis
865694,rs3692863,14,59434131,Il17d,3.6274949710701776e-10,9.440393180968238,cis
865695,rs13482205,14,59823960,Il17d,7.78319553251805e-09,8.108842058896347,cis
875895,CEL-2_113459249,2,113408432,Ivd,6.699875543247913e-09,8.173933264669724,trans
875896,rs13476709,2,114022898,Ivd,9.59316404092192e-10,9.018038129129726,trans
875897,rs13476716,2,115487885,Ivd,1.0572986930412753e-11,10.975802304637275,trans
875898,rs13476723,2,117118532,Ivd,1.1102230246251563e-16,15.954589770191006,cis
875899,UT_2_119.151187,2,118706767,Ivd,1.1102230246251563e-16,15.954589770191006,cis
875900,rs13476740,2,121412769,Ivd,1.1102230246251563e-16,15.954589770191006,trans
875901,rs3686617,2,122383806,Ivd,2.4941271270506604e-11,10.603081414061355,trans
875902,rs3708635,2,125704535,Ivd,1.956458106633363e-09,8.708529447151367,trans
875903,rs6411422,2,128199226,Ivd,1.991209241936076e-08,7.70088310067401,trans
875906,rs13476784,2,134345046,Ivd,1.992401132966393e-09,8.700623219980754,trans
875907,CEL-2_135876979,2,135953692,Ivd,2.2697096757617885e-08,7.644029690947088,trans
888392,rs3653630,19,22531309,Klf9,2.3729212483836196e-08,7.624716674745139,cis
888393,rs4232105,19,23240261,Klf9,1.0937469818728118e-09,8.961083132376755,cis
892684,rs3686516,11,105905728,Kpna2,5.355084486957651e-09,8.27123367293109,cis
892685,CEL-11_106337425,11,106527614,Kpna2,2.280324706838144e-09,8.64200330723314,cis
916496,rs3657415,9,105983686,LOC102640295///Gm8580///Gm10548///Gm13213///4931440P22Rik///Rpl29,2.0894397323445446e-13,12.679970151099765,Unknown
927033,rs13476716,2,115487885,Lcmt2,9.126278510684925e-09,8.039706281803992,trans
927034,rs13476723,2,117118532,Lcmt2,2.067568338759429e-12,11.684540126923842,trans
927035,UT_2_119.151187,2,118706767,Lcmt2,7.771561172376097e-16,15.109491730176744,trans
927036,rs13476740,2,121412769,Lcmt2,4.25659507641285e-13,12.37093766164896,cis
927037,rs3686617,2,122383806,Lcmt2,3.169737805563955e-10,9.498976660276307,cis
927038,rs3708635,2,125704535,Lcmt2,7.748256480866189e-10,9.110796011806656,trans
930760,mCV24506226,8,31744603,Leprotl1,1.1006303646254876e-09,8.958358509871777,trans
930761,rs3680402,8,33934049,Leprotl1,6.558309451065725e-12,11.183208095181202,cis
930762,rs3697344,8,34630321,Leprotl1,1.1306511282782596e-12,11.946671379545405,cis
930763,D8Mit189,8,35339349,Leprotl1,4.0445424787094453e-13,12.393130598949089,cis
930764,rs6182243,8,35372423,Leprotl1,1.1306511282782596e-12,11.946671379545405,cis
977126,rs13479859,8,84568955,Man2b1,5.732173624650728e-10,9.241680663514444,trans
977127,rs13479825,8,85707108,Man2b1,6.5012439875999925e-12,11.187003534855776,cis
977128,rs3698182,8,86111850,Man2b1,1.811450989208652e-11,10.741973411783562,cis
977129,rs13479879,8,89032866,Man2b1,1.871038879386333e-10,9.727917187952949,cis
980799,rs3680788,15,19035011,March11,1.1286392931353362e-09,8.947444834010337,trans
980800,rs6260449,15,22159044,March11,1.8260837286732112e-11,10.738479313292906,trans
980801,rs13482490,15,26705625,March11,3.5269676068594435e-10,9.45259852905573,cis
993188,rs3700596,9,86198704,Me1,1.5606319569982933e-08,7.80669950429866,cis
1002768,rs6167970,9,73368886,Mela,5.10924635932497e-13,12.291643155858381,Unknown
1002769,rs13480279,9,74382953,Mela,3.996802888650564e-15,14.398287269423713,Unknown
1002770,rs3724833,9,74735877,Mela,1.1102230246251563e-16,15.954589770191006,Unknown
1002771,rs13480288,9,77247379,Mela,8.725242750529105e-13,12.059222481417642,Unknown
1002772,rs6217039,9,78046016,Mela,3.2097657864937894e-11,10.493526656487454,Unknown
1002773,rs3672897,9,83587154,Mela,3.319566843629218e-14,13.478918581866571,Unknown
1004366,rs6167970,9,73368886,Mela///Kcnma1,1.3633538742396922e-13,12.865391403385857,Unknown
1004367,rs13480279,9,74382953,Mela///Kcnma1,1.1102230246251563e-16,15.954589770191006,Unknown
1004368,rs3724833,9,74735877,Mela///Kcnma1,1.1102230246251563e-16,15.954589770191006,Unknown
1004369,rs13480288,9,77247379,Mela///Kcnma1,4.440892098500626e-16,15.352529778863039,Unknown
1004370,rs6217039,9,78046016,Mela///Kcnma1,1.4555023852835802e-13,12.836987078500917,Unknown
1004371,rs3672897,9,83587154,Mela///Kcnma1,1.1102230246251563e-16,15.954589770191006,Unknown
1019933,rs4224919,4,144563168,Miip,1.2561133355681875e-08,7.900971173663103,trans
1019934,rs3675987,4,147659225,Miip,6.801212926177412e-10,9.167413628445047,cis
1095600,rs3677986,11,67961048,Mis12,1.7176082778291855e-09,8.765075875531009,trans
1095603,UT_11_70.128831,11,70371167,Mis12,1.9587087507488832e-10,9.708030136412708,cis
1095604,rs6217738,11,72486318,Mis12,2.377678054443777e-09,8.623846950661022,cis
1097506,rs4161101,16,10701009,Mkl2,2.4822255362266787e-11,10.605158760835383,trans
1097507,rs4161857,16,11503654,Mkl2,2.220446049250313e-16,15.653559774527023,cis
1097508,rs4162066,16,11840922,Mkl2,1.1102230246251563e-16,15.954589770191006,cis
1097509,rs4161352_UT,16,11886515,Mkl2,2.220446049250313e-16,15.653559774527023,cis
1097510,rs4162800,16,12472871,Mkl2,1.1102230246251563e-16,15.954589770191006,cis
1097511,rs4164131,16,14378705,Mkl2,1.1102230246251563e-16,15.954589770191006,cis
1097512,rs4165065,16,17412172,Mkl2,1.1102230246251563e-16,15.954589770191006,trans
1097513,rs4165069,16,17663456,Mkl2,3.1633584640644585e-12,11.499851592104434,trans
1097514,rs4165081,16,19883171,Mkl2,3.8947622904572654e-11,10.409519043535203,trans
1097515,rs4165279,16,21323714,Mkl2,3.019001493242968e-09,8.520136672168348,trans
1111027,rs6316711,4,155235047,Mrpl20,4.724525215493713e-10,9.32564182877409,cis
1114365,rs6378343,6,63773077,Mrpl35,3.224620570563275e-11,10.491521379882988,trans
1114366,rs13478800,6,64766249,Mrpl35,8.704148513061227e-14,13.060273707506564,trans
1114367,mhcCD8b4,6,71278246,Mrpl35,1.1102230246251563e-16,15.954589770191006,cis
1114368,rs13478831,6,76132093,Mrpl35,4.559685962135518e-13,12.341065067337349,trans
1114369,rs3706039,6,77051817,Mrpl35,1.596587673180494e-08,7.796807228121686,trans
1130899,gnf13.057.762,13,59805606,Mtrr,1.5994495949911425e-08,7.796029441708122,trans
1130900,rs13481845,13,63061924,Mtrr,1.3927374808986315e-09,8.856130736656764,trans
1130901,D13Mit224,13,64187020,Mtrr,6.405744823467785e-10,9.193430365698287,trans
1130902,rs6220659,13,64303979,Mtrr,1.3927374808986315e-09,8.856130736656764,trans
1130903,rs4229817,13,66981471,Mtrr,1.2595080534083536e-10,9.899799051238812,cis
1130904,rs13481861,13,68711508,Mtrr,9.695445557511562e-10,9.013432227975443,cis
1130905,rs3670719,13,69230931,Mtrr,2.102998997166594e-09,8.67716093441074,cis
1130906,rs6280864,13,70216413,Mtrr,5.091039034788025e-09,8.293193573061258,cis
1133381,rs13478001,4,135998441,Mul1,5.934464031298603e-11,10.226618498067495,cis
1133382,rs6234904,4,138152372,Mul1,1.532107773982716e-14,13.814710683789766,cis
1133383,rs6386918,4,139323756,Mul1,3.867683950886658e-12,11.412549021660867,cis
1135585,rs13481243,11,114532622,Mxra7,2.1788126858268697e-12,11.661780104773715,trans
1135586,rs13481251,11,116908503,Mxra7,3.124056568992728e-12,11.505281110716965,cis
1135587,gnf11.125.992,11,117108177,Mxra7,2.329690884650404e-10,9.63270169957334,cis
1135588,rs13481254,11,117410376,Mxra7,1.04227841912774e-08,7.982016254415058,cis
1148029,rs3672782,7,95155270,Myo7a,1.4768984257784725e-08,7.830649372420499,trans
1148030,rs3658777,7,96762673,Myo7a,1.1109380082530151e-10,9.954310174564787,trans
1148031,rs13479395,7,97208893,Myo7a,3.765179279469066e-10,9.424214339986404,trans
1148032,D7Mit301,7,98732421,Myo7a,9.394762634507003e-09,8.027114188189966,trans
1148033,CEL-7_79063914,7,98979741,Myo7a,3.765179279469066e-10,9.424214339986404,trans
1148034,rs4226783,7,100081465,Myo7a,1.2287948436551233e-12,11.910520619722087,trans
1148035,rs13479416,7,103132457,Myo7a,1.1102230246251563e-16,15.954589770191006,trans
1148036,rs3699086,7,103251219,Myo7a,1.1102230246251563e-16,15.954589770191006,cis
1148037,rs3023151,7,103823533,Myo7a,1.1102230246251563e-16,15.954589770191006,cis
1148038,D7Mit323,7,108024450,Myo7a,1.5920598173124742e-13,12.798040618859222,trans
1148039,CEL-7_88290939,7,108094541,Myo7a,1.1102230246251563e-16,15.954589770191006,trans
1148040,rs13479441,7,111297536,Myo7a,1.9739765377835283e-13,12.70465801355681,trans
1148041,rs3662937,7,111381490,Myo7a,5.56151791286652e-11,10.254806659638684,trans
1148042,rs13459173,7,112784815,Myo7a,4.32542890393961e-13,12.363970821984424,trans
1148043,rs13479451,7,114512549,Myo7a,4.898637051553578e-12,11.309924736976974,trans
1148044,rs3724540,7,114542346,Myo7a,2.0633572628270258e-10,9.68542556900158,trans
1148045,rs3686975,7,117123258,Myo7a,7.321925288295006e-10,9.135374706900368,trans
1154230,rs13478370,5,85890223,Naaa,2.65975241831029e-10,9.575158787566632,trans
1154231,rs13478386,5,90500266,Naaa,1.5895063043558366e-12,11.798737745231733,trans
1154232,rs4225368,5,90925271,Naaa,3.592681707687006e-13,12.44458125725077,cis
1154233,rs13465325,5,92055406,Naaa,1.1102230246251563e-16,15.954589770191006,cis
1154234,rs13478392,5,92179790,Naaa,1.1102230246251563e-16,15.954589770191006,cis
1154235,rs13478398,5,94154652,Naaa,1.0902390101819037e-13,12.962478282404053,cis
1154236,rs3712722,5,98239478,Naaa,3.9833096820984784e-09,8.39975592808771,trans
1154237,rs13478413,5,99431953,Naaa,1.104360214387867e-08,7.956889247616843,trans
1171899,rs13478871,6,85767550,Nfu1,6.086704140706446e-09,8.215617807690286,cis
1171900,CEL-6_86603542,6,86222500,Nfu1,1.4221657185231606e-10,9.84704979429065,cis
1171901,gnf06.086.089,6,87099761,Nfu1,7.490836839707526e-10,9.125469662331794,cis
1173885,rs6199956,11,50558769,Nhp2,7.730284190543557e-10,9.111804539701838,cis
1173886,rs13481023,11,51824799,Nhp2,3.65957930625882e-10,9.436568836865577,cis
1173887,rs6173994,11,52342339,Nhp2,9.604005812846594e-09,8.017547585757198,cis
1173888,rs4228731,11,55208056,Nhp2,2.065806969930861e-09,8.684910261621042,trans
1173889,D11Mit349,11,55602850,Nhp2,2.4439436030476717e-09,8.611908820183901,trans
1173890,rs3668680,11,55886003,Nhp2,5.154365378956527e-09,8.287824798738118,trans
1173891,rs13481041,11,56515096,Nhp2,2.065806969930861e-09,8.684910261621042,trans
1173892,rs3023260,11,57088038,Nhp2,5.760736332405259e-10,9.23952200187848,trans
1173893,rs6371333,11,57945936,Nhp2,2.066365301089945e-09,8.684792899552361,trans
1183223,rs6392543,7,145329119,Nkx6-2,2.6137569886230954e-10,9.582734792962835,cis
1183224,rs3663988,7,146505067,Nkx6-2,1.4512058221782809e-11,10.838270987908823,cis
1183225,rs13479559,7,146654035,Nkx6-2,3.289590821964339e-13,12.482858118710954,cis
1193895,rs6208879,2,109622852,Nop10,4.779009410427193e-10,9.320662114301852,trans
1193896,rs3681694,2,112125008,Nop10,7.075875441131528e-10,9.150219820717853,cis
1193897,CEL-2_113459249,2,113408432,Nop10,6.099271754322899e-09,8.21472201613015,cis
1200617,mCV25009162,5,145297027,Nptx2,4.3729005971826496e-09,8.359230394730544,cis
1226061,CEL-4_130248229,4,131555157,Nudc,4.1153601637589085e-09,8.385592150661116,cis
1226062,rs3664871,4,132410010,Nudc,6.308106259567127e-10,9.200100999624214,cis
1226063,D4Mit339,4,133923341,Nudc,2.331203008409944e-10,9.632419905118097,cis
1226064,rs3663950,4,135285446,Nudc,6.308106259567127e-10,9.200100999624214,trans
1226065,rs13478001,4,135998441,Nudc,1.852319853057338e-08,7.732284018505157,trans
1227890,rs6239372,7,35483870,Nudt19,3.972959627951411e-09,8.400885848095156,cis
1227891,rs13479188,7,36124857,Nudt19,1.003974681168529e-12,11.998277239349811,cis
1227892,rs13479194,7,37555006,Nudt19,8.343100654784052e-10,9.078672516867623,cis
1240785,rs3717251,8,64089398,Ocel1,3.2002862582203306e-09,8.494811173303457,trans
1240786,rs6394046,8,64982540,Ocel1,5.550021553446527e-10,9.255705330296294,trans
1240787,rs13479813,8,70431892,Ocel1,1.6830703497561217e-10,9.773897730802338,trans
1240788,rs13479814,8,70845435,Ocel1,1.787459069646502e-14,13.747763894159153,trans
1240789,rs6293022,8,74935354,Ocel1,2.7318702855438914e-11,10.563539925638352,cis
1240790,rs3722665,8,75068927,Ocel1,1.479869560228053e-10,9.829776562827822,cis
1240791,rs4227253,8,77650955,Ocel1,6.455037615538117e-10,9.1901012226194,trans
1240792,UT_6_76.003706,8,77908172,Ocel1,2.0445867221496887e-12,11.689394463905288,trans
1240793,rs13479842,8,78352527,Ocel1,3.7538194774811024e-11,10.425526616589185,trans
1240794,rs13479846,8,79783027,Ocel1,6.042721878429803e-12,11.218767394075694,trans
1242115,rs6163111,5,74219748,Ociad2,6.224281978717272e-09,8.205910740724836,cis
1244263,rs3657682,12,15739388,Odc1,2.195262860382741e-10,9.658513469964557,cis
1244264,rs6180964,12,16835276,Odc1,1.2499112855834936e-11,10.903120810631002,cis
1269484,rs3699086,7,103251219,P4ha3,7.773562127333378e-09,8.109379926148621,trans
1269485,rs3023151,7,103823533,P4ha3,8.803402895551926e-09,8.055349421816222,trans
1269486,D7Mit323,7,108024450,P4ha3,9.701132896999807e-09,8.013177545920767,cis
1269487,CEL-7_88290939,7,108094541,P4ha3,8.803402895551926e-09,8.055349421816222,cis
1277093,mCV25436350,3,112860455,Palmd,5.944145176073334e-11,10.225910592181934,trans
1278597,rs3686617,2,122383806,Pank2,1.4624021216214091e-08,7.834933191544732,trans
1278598,rs3708635,2,125704535,Pank2,2.3262147763603028e-10,9.633350189916273,trans
1278599,rs6411422,2,128199226,Pank2,1.546540673302843e-13,12.81063865376704,trans
1278600,rs8264884,2,130881868,Pank2,1.1102230246251563e-16,15.954589770191006,cis
1278601,rs4223510,2,131679415,Pank2,1.1102230246251563e-16,15.954589770191006,cis
1278602,rs13476784,2,134345046,Pank2,1.7550405573274475e-11,10.75571284294745,trans
1278603,CEL-2_135876979,2,135953692,Pank2,2.484523031753838e-09,8.604756972950552,trans
1287824,rs8255038,18,34420259,Pcdhb3,3.568918827134837e-09,8.44746332969307,trans
1287825,rs13483299,18,36279726,Pcdhb3,1.3522294395329483e-11,10.868949613224975,cis
1287826,rs13483308,18,38428527,Pcdhb3,2.652900565891514e-09,8.576279027625628,cis
1289422,rs8255038,18,34420259,Pcdhb8,7.4675222672127e-09,8.126823473710349,trans
1289423,rs13483299,18,36279726,Pcdhb8,9.027018021967592e-10,9.044455690493258,cis
1300451,rs4153199,16,5651738,Pdxdc1,1.7754562819938258e-08,7.750690017095171,trans
1300452,rs4161101,16,10701009,Pdxdc1,8.397060824449909e-12,11.075872700973127,trans
1300453,rs4161857,16,11503654,Pdxdc1,1.1102230246251563e-16,15.954589770191006,trans
1300454,rs4162066,16,11840922,Pdxdc1,1.1102230246251563e-16,15.954589770191006,cis
1300455,rs4161352_UT,16,11886515,Pdxdc1,1.1102230246251563e-16,15.954589770191006,cis
1300456,rs4162800,16,12472871,Pdxdc1,1.1102230246251563e-16,15.954589770191006,cis
1300457,rs4164131,16,14378705,Pdxdc1,1.1102230246251563e-16,15.954589770191006,cis
1300458,rs4165065,16,17412172,Pdxdc1,1.1102230246251563e-16,15.954589770191006,trans
1300459,rs4165069,16,17663456,Pdxdc1,4.819589172200266e-12,11.316989979987413,trans
1300460,rs4165081,16,19883171,Pdxdc1,1.9597656830683263e-12,11.707795851415849,trans
1300461,rs4165279,16,21323714,Pdxdc1,1.120840087409647e-09,8.950456344683857,trans
1306924,rs13482930,17,26950947,Pfdn6,3.3160848511570858e-09,8.47937436536005,Unknown
1306929,rs6242153,17,32068298,Pfdn6,5.5129794063191184e-09,8.258613629820509,Unknown
1306930,rs3672987,17,33247165,Pfdn6,1.27675647831893e-14,13.893891929837395,Unknown
1306931,rs13482967,17,37015393,Pfdn6,2.7977620220553945e-14,13.553189229409462,Unknown
1313837,UT_3_93.299511,3,90413739,Phgdh,1.765176571577598e-08,7.753211845388732,trans
1313838,rs13477280,3,98086968,Phgdh,1.7985612998927536e-14,13.745074755648373,cis
1313839,rs3159432,3,100191842,Phgdh,2.596776349506058e-09,8.585565452895919,trans
1319643,rs4169271,16,31615882,Pigz,5.551115123125784e-16,15.255619765854984,cis
1319644,D16Mit58,16,32312108,Pigz,5.551115123125784e-16,15.255619765854984,cis
1319645,rs3676973,16,32425577,Pigz,1.432187701766452e-14,13.844000059891755,cis
1319646,rs4170474,16,32679563,Pigz,1.4064241771194473e-08,7.851883676471587,cis
1320580,gnf07.032.889,7,48180543,Pih1d1,1.6107574163370941e-09,8.792969860374686,trans
1320581,rs3719256,7,51794017,Pih1d1,7.889244812986362e-12,11.102964567037695,cis
1320582,rs13479226,7,52843651,Pih1d1,2.5247315349474775e-10,9.597784795402577,cis
1323050,rs6259521,19,24021292,Pip5k1b,1.5269430164721595e-10,9.816177169946506,cis
1323051,rs3670355,19,25045357,Pip5k1b,5.346024845032105e-09,8.27196902724142,cis
1329727,CEL-2_113459249,2,113408432,Pla2g4e,5.2700821484563676e-09,8.278182615082855,trans
1329728,rs13476709,2,114022898,Pla2g4e,8.651401817161286e-11,10.062913516566171,trans
1329729,rs13476716,2,115487885,Pla2g4e,2.5198620967614715e-11,10.598623225986037,trans
1329730,rs13476723,2,117118532,Pla2g4e,1.1102230246251563e-16,15.954589770191006,trans
1329731,UT_2_119.151187,2,118706767,Pla2g4e,1.1102230246251563e-16,15.954589770191006,cis
1329732,rs13476740,2,121412769,Pla2g4e,8.881784197001252e-16,15.05149978319906,cis
1329733,rs3686617,2,122383806,Pla2g4e,1.2321144104987525e-11,10.90934896299848,trans
1329734,rs3708635,2,125704535,Pla2g4e,2.377412711140892e-09,8.623895419612742,trans
1347674,rs13478800,6,64766249,Polr1a,8.27221624533081e-11,10.082378121140076,trans
1347675,mhcCD8b4,6,71278246,Polr1a,2.7755575615628914e-15,14.556649761518965,cis
1347676,rs13478831,6,76132093,Polr1a,3.330669073875469e-14,13.477468515471339,trans
1360758,rs3721803,10,3342586,Ppil4,3.3751557104722e-10,9.471706186495496,trans
1360759,rs6185923,10,5378623,Ppil4,7.925476941395003e-10,9.10097459323848,trans
1360760,rs3695003,10,7632997,Ppil4,3.3751557104722e-10,9.471706186495496,cis
1360761,rs3664101,10,9329071,Ppil4,5.632163513347166e-09,8.249324745216521,cis
1370657,rs4230383,14,54987778,Ppp1r3e,1.3997725201164712e-09,8.853942536668383,cis
1370658,rs3707560,14,55368949,Ppp1r3e,1.1317749071260151e-08,7.946239939149157,cis
1370659,D14Mit63,14,56051955,Ppp1r3e,1.537387939176682e-08,7.813216530297817,cis
1394422,rs3695202,11,64515287,Psmb6,1.1264944532740628e-10,9.948270942349737,trans
1394423,rs13481068,11,64596125,Psmb6,7.99789123817618e-11,10.097024506051595,trans
1394424,rs13481070,11,64909099,Psmb6,2.9149682667650716e-11,10.535366168741618,trans
1394425,rs3715924,11,67192419,Psmb6,1.5353607274448677e-11,10.813789572282069,trans
1394426,rs3677986,11,67961048,Psmb6,2.767786000390516e-13,12.557867491687231,trans
1394427,UT_11_68.607315,11,68849650,Psmb6,1.5353607274448677e-11,10.813789572282069,cis
1394428,rs13481087,11,69415411,Psmb6,1.4346301924206273e-12,11.843260033486853,cis
1394429,UT_11_70.128831,11,70371167,Psmb6,1.7985612998927536e-14,13.745074755648373,cis
1394430,rs6217738,11,72486318,Psmb6,1.1102230246251563e-13,12.954589770191006,trans
1405587,rs6267501,11,36616453,Pttg1,2.375702079504549e-09,8.62420802216708,trans
1405588,rs3693664,11,42185502,Pttg1,1.8873791418627658e-14,13.724140848812725,cis
1405589,rs6307831,11,42631877,Pttg1,1.1102230246251563e-16,15.954589770191006,cis
1405590,rs3706713,11,42844127,Pttg1,1.1102230246251563e-16,15.954589770191006,cis
1405591,UT_11_44.038626,11,44227084,Pttg1,1.1102230246251563e-16,15.954589770191006,cis
1405592,D11Mit20,11,44552713,Pttg1,1.1102230246251563e-16,15.954589770191006,cis
1405593,rs13481014,11,47930884,Pttg1,9.370325626534284e-10,9.02824531675899,trans
1412295,rs4230970,15,89413298,Rabl2,1.0085146162630563e-08,7.996317803235655,Unknown
1421234,rs6152631,6,144002632,Rassf8,6.151446019231344e-11,10.211022782703381,cis
1421235,rs3089737,6,145406060,Rassf8,8.641865001379756e-12,11.063392522289284,cis
1431043,rs3725272,9,95050078,Rbp1,3.782117174999655e-09,8.422265020264259,trans
1431044,rs3690580,9,95251199,Rbp1,1.5523293761532384e-09,8.80901612388399,trans
1431045,rs3705403,9,97259753,Rbp1,1.161020168893856e-10,9.935160235762524,cis
1438093,rs4136257,19,15440659,Rfk,7.66053886991358e-15,14.115740679453747,trans
1438094,rs13483541,19,15843736,Rfk,1.1102230246251563e-16,15.954589770191006,cis
1438095,rs13483543,19,16497187,Rfk,9.992007221626409e-16,15.000347260751676,cis
1438096,rs3686467,19,16955951,Rfk,1.1102230246251563e-16,15.954589770191006,cis
1438097,rs13483545,19,17198568,Rfk,1.1102230246251563e-16,15.954589770191006,cis
1438098,rs13483549,19,18231112,Rfk,6.054046153280979e-13,12.217954272504182,cis
1438099,rs3694495,19,19963542,Rfk,1.6220358389773535e-12,11.789939554256707,trans
1438100,D19Mit16,19,20420342,Rfk,3.0422331320778535e-12,11.516807508200356,trans
1438101,rs3023480,19,20420531,Rfk,1.6220358389773535e-12,11.789939554256707,trans
1438102,rs13483561,19,21205552,Rfk,1.752207268168604e-10,9.756414522541377,trans
1438103,rs6372656,19,21917692,Rfk,1.7343218194909582e-08,7.7608703120149425,trans
1439563,rs6242153,17,32068298,Rgl2,2.4216957772438263e-08,7.615880415512859,cis
1439564,rs3672987,17,33247165,Rgl2,3.5329184022714344e-11,10.451866393092324,cis
1452150,rs6175724,14,46697706,Rnase4///Ang,1.4799682590549425e-08,7.8297475988382255,Unknown
1452151,rs3670380,14,47679977,Rnase4///Ang,2.3630652989936607e-11,10.626524277267,Unknown
1452152,mCV23384307,14,49708958,Rnase4///Ang,1.538769112130467e-13,12.812826539915216,Unknown
1452153,rs6278789,14,50409368,Rnase4///Ang,2.220446049250313e-16,15.653559774527023,Unknown
1452154,rs3666583,14,52760254,Rnase4///Ang,4.218847493575596e-15,14.374806173574193,Unknown
1452155,rs4230383,14,54987778,Rnase4///Ang,5.673942427009138e-10,9.24611507526542,Unknown
1452156,rs3707560,14,55368949,Rnase4///Ang,1.9447636390168558e-08,7.711133174034098,Unknown
1456500,CEL-8_26907016,8,29180211,Rnf122,2.0118581023353954e-08,7.696402653609113,trans
1456502,mCV24506226,8,31744603,Rnf122,2.184415981432153e-08,7.660664654777764,cis
1461928,CEL-17_20354682,17,21827381,Rnps1,1.524866455326901e-09,8.81676818927077,trans
1461929,CEL-17_21879142,17,23322637,Rnps1,4.419797861032748e-13,12.354597592606904,cis
1461930,rs13482930,17,26950947,Rnps1,2.391764564180221e-11,10.6212815728064,trans
1461931,rs13482934,17,27985170,Rnps1,2.5202703257676266e-09,8.598552874022932,trans
1470681,rs3661828,6,3416870,Rpa3,5.183631301974856e-13,12.285365896260195,trans
1470682,rs13478602,6,3797192,Rpa3,1.3322676295501877e-15,14.875408524143376,trans
1470683,CEL-6_8231384,6,8447401,Rpa3,2.220446049250313e-14,13.653559774527023,cis
1470684,rs13478623,6,9485706,Rpa3,2.2520652009916372e-11,10.647419040099123,cis
1470685,rs13478632,6,11712185,Rpa3,6.297347976413903e-09,8.200842307958707,trans
1491600,rs3658777,7,96762673,Rpl31///Clpb,1.2411918937083044e-08,7.9061610694794675,Unknown
1491604,rs4226783,7,100081465,Rpl31///Clpb,1.2343459587782488e-09,8.908563100488463,Unknown
1491605,rs13479416,7,103132457,Rpl31///Clpb,9.181544413650045e-14,13.037084260638453,Unknown
1491606,rs3699086,7,103251219,Rpl31///Clpb,1.0436096431476471e-14,13.981461916591305,Unknown
1491607,rs3023151,7,103823533,Rpl31///Clpb,8.115730310009894e-14,13.090672393233143,Unknown
1491608,D7Mit323,7,108024450,Rpl31///Clpb,1.1677547817612324e-10,9.932648345673009,Unknown
1491609,CEL-7_88290939,7,108094541,Rpl31///Clpb,8.115730310009894e-14,13.090672393233143,Unknown
1491610,rs13479441,7,111297536,Rpl31///Clpb,1.1876610805927612e-11,10.925307475035034,Unknown
1491611,rs3662937,7,111381490,Rpl31///Clpb,1.78521419869071e-10,9.748309667659145,Unknown
1491612,rs13459173,7,112784815,Rpl31///Clpb,5.240252676230739e-13,12.280647771556914,Unknown
1491613,rs13479451,7,114512549,Rpl31///Clpb,3.5182856628068755e-11,10.453668901449321,Unknown
1491614,rs3724540,7,114542346,Rpl31///Clpb,1.0049147514124002e-08,7.997870778603195,Unknown
1491615,rs3686975,7,117123258,Rpl31///Clpb,9.18219522638708e-09,8.03705347776023,Unknown
1502611,rs13459088,5,111078136,Rplp0,6.599593094236411e-09,8.180482840575634,trans
1502612,rs6331425,5,112371951,Rplp0,1.3274449206512884e-08,7.876983489947791,trans
1502613,rs3657810,5,113832345,Rplp0,1.677658012511074e-11,10.775296564613631,trans
1502614,rs3719767,5,115597884,Rplp0,1.0370593273023587e-11,10.984196398111402,cis
1502615,mCV23798232,5,117112003,Rplp0,1.0535285754897929e-08,7.977353680265441,cis
1517194,gnf07.114.758,7,124952038,Rps15a,4.171530232355281e-09,8.379704604603832,cis
1517195,rs13479483,7,125869548,Rps15a,9.205596285255524e-09,8.035948075165521,cis
1517196,rs6366212,7,126261041,Rps15a,2.0846372850158446e-08,7.680969498877064,cis
1517197,rs6241342,7,126326146,Rps15a,5.81717007896998e-10,9.23528823837142,cis
1520107,rs4224919,4,144563168,Rps19-ps3,2.9368872889179447e-09,8.532112720395915,Unknown
1520108,rs3675987,4,147659225,Rps19-ps3,1.0497513969198735e-10,9.97891353876748,Unknown
1524247,rs13482864,17,9565936,Rps2,8.175144450284222e-09,8.08750456485641,trans
1524250,CEL-17_20354682,17,21827381,Rps2,5.843447947739833e-11,10.233330820214663,trans
1524251,CEL-17_21879142,17,23322637,Rps2,1.1102230246251563e-16,15.954589770191006,cis
1524252,rs13482930,17,26950947,Rps2,1.8274270985330082e-13,12.738159939314752,trans
1524253,rs13482934,17,27985170,Rps2,1.8918866473427443e-11,10.72310488797032,trans
1524254,rs13482942,17,30022647,Rps2,1.0153873741813868e-08,7.993368241125863,trans
1524255,CEL-17_29648158,17,31179361,Rps2,1.9745226231826507e-08,7.704537885950176,trans
1546295,gnf12.035.312,12,37595107,Rpsa,1.7163168664069415e-09,8.765402529641062,trans
1546296,rs13481399,12,39541327,Rpsa,4.3167851515590874e-09,8.36483956584785,trans
1552772,rs13481845,13,63061924,Rsl1,1.105426861158776e-11,10.956469986550609,trans
1552773,D13Mit224,13,64187020,Rsl1,6.536216012875683e-12,11.18467360340806,trans
1552774,rs6220659,13,64303979,Rsl1,1.105426861158776e-11,10.956469986550609,trans
1552775,rs4229817,13,66981471,Rsl1,7.327471962526032e-15,14.135045834649134,cis
1552776,rs13481861,13,68711508,Rsl1,3.2433400409814794e-09,8.489007516273027,cis
1561524,rs3698196,3,85931836,S100a10,3.5994609515199727e-09,8.44376253348524,trans
1561526,rs13477251,3,88658602,S100a10,1.925267500979544e-09,8.71550892011486,trans
1561527,UT_3_93.299511,3,90413739,S100a10,5.945057779399576e-10,9.225843920161779,trans
1563122,rs3698196,3,85931836,S100a11,2.9136739687629643e-09,8.535559046076264,trans
1563124,rs13477251,3,88658602,S100a11,1.448570929873938e-09,8.83906023453087,trans
1563125,UT_3_93.299511,3,90413739,S100a11,4.156565092117148e-10,9.381265414025087,trans
1567006,rs3695202,11,64515287,Sat2,2.864375403532904e-14,13.542970064227777,trans
1567007,rs13481068,11,64596125,Sat2,9.325873406851317e-15,14.030310484129119,trans
1567008,rs13481070,11,64909099,Sat2,3.663735981263017e-15,14.436075830313115,trans
1567009,rs3715924,11,67192419,Sat2,1.1102230246251563e-16,15.954589770191006,trans
1567010,rs3677986,11,67961048,Sat2,6.650235917504688e-14,13.177162947801692,cis
1567011,UT_11_68.607315,11,68849650,Sat2,1.1102230246251563e-16,15.954589770191006,cis
1567012,rs13481087,11,69415411,Sat2,1.1102230246251563e-16,15.954589770191006,cis
1567013,UT_11_70.128831,11,70371167,Sat2,1.1102230246251563e-16,15.954589770191006,cis
1567014,rs6217738,11,72486318,Sat2,6.2172489379008774e-15,14.206401743184802,trans
1567015,rs13481099,11,73923769,Sat2,1.9320172905956667e-08,7.713988991183112,trans
1572620,rs6242654,2,107081147,Scg5,7.93308752022881e-11,10.100557754418883,trans
1572621,rs6208879,2,109622852,Scg5,9.243716903029051e-13,12.034153363640243,trans
1572622,rs3681694,2,112125008,Scg5,2.562949852347174e-12,11.591259891303848,cis
1572623,CEL-2_113459249,2,113408432,Scg5,1.1102230246251563e-16,15.954589770191006,cis
1572624,rs13476709,2,114022898,Scg5,1.2212453270876722e-15,14.913197085032778,cis
1572625,rs13476716,2,115487885,Scg5,3.663735981263017e-15,14.436075830313115,cis
1572626,rs13476723,2,117118532,Scg5,2.062666704105709e-10,9.685570941809543,trans
1572627,UT_2_119.151187,2,118706767,Scg5,7.505056132117716e-09,8.124646055215807,trans
1577392,gnf02.064.546,2,65704272,Scn9a,7.574212368410826e-10,9.120662522144167,cis
1577393,rs13476553,2,66805957,Scn9a,8.198499323874842e-09,8.086265634811937,cis
1579102,rs3698196,3,85931836,Scnm1,8.06319455648463e-11,10.093492861000806,trans
1579103,UT_3_90.000791,3,87719794,Scnm1,1.302075891551624e-09,8.885363702156797,trans
1579104,rs13477251,3,88658602,Scnm1,3.601707820877209e-11,10.443491521091024,trans
1579105,UT_3_93.299511,3,90413739,Scnm1,9.538592138369497e-12,11.020515720857473,trans
1585510,rs6259281,3,120606858,Sec24d,1.7763568394002505e-15,14.750469787535078,trans
1585511,rs3691246,3,122177061,Sec24d,1.1102230246251563e-16,15.954589770191006,cis
1585512,rs3671119,3,126116579,Sec24d,2.7419400083772416e-10,9.561942051485145,trans
1585513,rs3670168,3,127995452,Sec24d,2.5465185515827216e-12,11.594053155607707,trans
1592671,rs13481620,12,104269892,Serpina1e///Serpina1d///Serpina1c///Serpina1b///Serpina1a,1.127364868125369e-11,10.9479355031481,Unknown
1592672,gnf12.101.501,12,104522187,Serpina1e///Serpina1d///Serpina1c///Serpina1b///Serpina1a,2.065037030263284e-11,10.685072156165056,Unknown
1592673,rs8273308,12,105632191,Serpina1e///Serpina1d///Serpina1c///Serpina1b///Serpina1a,1.0617080548058766e-09,8.973994887790722,Unknown
1592674,rs3724260,12,105957285,Serpina1e///Serpina1d///Serpina1c///Serpina1b///Serpina1a,1.281733941205232e-09,8.892202115112172,Unknown
1592675,rs3663596,12,106091063,Serpina1e///Serpina1d///Serpina1c///Serpina1b///Serpina1a,7.083397202123365e-10,9.149758404417376,Unknown
1594264,rs13481611,12,100818237,Serpina3n,1.9645314486282928e-08,7.706741014520075,trans
1594268,gnf12.100.410,12,103431463,Serpina3n,2.1955431028786165e-08,7.658458032411296,trans
1594269,rs13481620,12,104269892,Serpina3n,5.904068345330415e-10,9.228848623775114,cis
1594270,gnf12.101.501,12,104522187,Serpina3n,5.785614209941058e-10,9.23765052887672,cis
1594271,rs8273308,12,105632191,Serpina3n,4.4164671919588737e-13,12.354924991402587,cis
1594272,rs3724260,12,105957285,Serpina3n,5.7956334176267896e-09,8.236899092099536,cis
1594273,rs3663596,12,106091063,Serpina3n,4.999739733335673e-09,8.301052602727601,cis
1606400,rs3675987,4,147659225,Sfi1,2.9321767236467617e-10,9.532809858112874,trans
1608303,gnf08.020.641,8,23259030,Sfrp1,8.56546522598478e-09,8.067249043721121,cis
1616822,rs13482637,15,70331556,Sh3bp1,3.797435033092711e-09,8.420509647356075,trans
1616823,rs3696311,15,70982536,Sh3bp1,3.920275215563152e-11,10.406683443080356,trans
1616824,D15Mit105,15,72331040,Sh3bp1,4.517851204255408e-09,8.345068076699176,trans
1616826,rs6342608,15,77990182,Sh3bp1,1.5099033134902132e-14,13.821050861820787,cis
1616827,rs3667755,15,78741347,Sh3bp1,1.1102230246251563e-16,15.954589770191006,cis
1616828,D15Mit189,15,82471605,Sh3bp1,8.881784197001252e-16,15.05149978319906,trans
1616829,CEL-15_83283496,15,82755972,Sh3bp1,2.843614232972413e-12,11.54612932069014,trans
1636232,rs13483513,19,7347679,Slc22a6,2.8345246150252024e-09,8.547519767241294,cis
1636233,rs4232041,19,8782190,Slc22a6,2.004683086198611e-10,9.697954273813703,cis
1675344,gnf07.050.858,7,63779524,Snord116l2///Snord116l1///Snord116,1.5720313051303947e-08,7.803538809753345,Unknown
1675345,rs13479276,7,65717523,Snord116l2///Snord116l1///Snord116,8.93907170507191e-12,11.048707579000194,Unknown
1675346,rs3693478,7,67179979,Snord116l2///Snord116l1///Snord116,2.622448813660583e-09,8.581292979840487,Unknown
1675347,rs6345670,7,70840460,Snord116l2///Snord116l1///Snord116,6.640620386910712e-09,8.177791345628057,Unknown
1675348,D7Mit199,7,73078958,Snord116l2///Snord116l1///Snord116,1.0414278328596538e-09,8.982370819692939,Unknown
1675349,rs4226649,7,73194873,Snord116l2///Snord116l1///Snord116,6.640620386910712e-09,8.177791345628057,Unknown
1693677,rs3701107,17,70599746,Snord53,1.1102230246251563e-16,15.954589770191006,cis
1699612,rs13480929,11,28095396,Snrnp25,1.5648441431537208e-09,8.8055289112415,trans
1699613,rs13480932,11,28975003,Snrnp25,1.651709879979535e-10,9.782066233401203,trans
1699614,rs13480935,11,29456156,Snrnp25,3.5311864543530185e-11,10.452079350134794,trans
1699615,rs13480937,11,30059387,Snrnp25,1.651709879979535e-10,9.782066233401203,trans
1699616,rs13480951,11,33538734,Snrnp25,1.951183059567541e-08,7.709701983280772,cis
1722403,CEL-17_21879142,17,23322637,Spsb3,5.125238011771671e-10,9.290285961530962,cis
1722404,rs13482930,17,26950947,Spsb3,9.825241176208976e-09,8.007656780371244,cis
1727540,rs13476267,1,182213911,Srp9,4.6740389336719084e-14,13.330307674355335,cis
1727541,rs13476281,1,186146231,Srp9,4.3466230614797035e-11,10.361848020130603,trans
1744847,rs13483269,18,28455186,Stard4,2.4729839287473965e-09,8.606778705991717,trans
1744848,gnf18.027.000,18,29688176,Stard4,2.3650282843235004e-09,8.626163660992907,trans
1744849,CEL-18_32012884,18,31715893,Stard4,1.2496887080715167e-08,7.903198154354595,cis
1744850,rs3666799,18,32047327,Stard4,4.0365599751623904e-11,10.393988590390133,cis
1744851,rs13483292,18,34134969,Stard4,1.5663693897494113e-08,7.805105812512858,cis
1790915,rs3710916,14,8852064,Thoc7,1.607411059811881e-08,7.7938730478292575,trans
1790916,rs3689508,14,10592844,Thoc7,8.078726576599138e-11,10.092657090257696,trans
1790917,rs13482054,14,11312993,Thoc7,5.750955267558312e-14,13.240260010445768,trans
1790918,gnf14.013.298,14,20733677,Thoc7,2.2830803914075662e-10,9.641478795942964,trans
1803043,rs13478499,5,123738719,Tmem132b,6.5631944323740754e-12,11.182884729728086,trans
1803044,rs3671202,5,125290218,Tmem132b,2.220446049250313e-16,15.653559774527023,cis
1803045,rs3711495,5,126622830,Tmem132b,1.1102230246251563e-16,15.954589770191006,cis
1803046,gnf05.120.578,5,127039910,Tmem132b,1.1102230246251563e-16,15.954589770191006,cis
1803047,rs3701266,5,127163995,Tmem132b,2.5757174171303632e-14,13.589101785300105,cis
1803048,rs3692387,5,127383580,Tmem132b,4.690936528106704e-11,10.328740443343506,cis
1804415,mCV25201949,3,70420435,Tmem144,1.8720258232463042e-08,7.727688164777387,trans
1804416,CEL-3_75140206,3,74542042,Tmem144,9.949159274214026e-10,9.002213616540306,trans
1804417,rs13477204,3,75866499,Tmem144,1.0436096431476471e-13,12.981461916591305,trans
1804418,rs3699123,3,82199891,Tmem144,1.063525711941793e-09,8.973252006072059,trans
1804419,rs6243021,3,84948288,Tmem144,1.7486648795639326e-09,8.757293412305922,trans
1806365,CEL-7_20141278,7,31950331,Tmem147os,8.974213816514975e-09,8.047003587329536,Unknown
1815458,rs13476364,2,19000350,Tmem203,1.508021485463473e-10,9.821592470832458,trans
1815459,rs6193345,2,23199300,Tmem203,4.659606034351782e-13,12.331650800979517,cis
1815460,CEL-2_24053663,2,23949161,Tmem203,3.3306690738754696e-16,15.477468515471339,cis
1815461,mCV23574676,2,26733408,Tmem203,2.602584814326292e-12,11.584595108582576,cis
1815462,rs13476408,2,30296487,Tmem203,1.7779254291028227e-08,7.750086458443597,trans
1824485,rs3670380,14,47679977,Tmem260,1.1102230246251563e-16,15.954589770191006,Unknown
1824486,mCV23384307,14,49708958,Tmem260,1.4654943925052063e-14,13.834015838985154,Unknown
1824487,rs6278789,14,50409368,Tmem260,1.3476042504123598e-10,9.870437627901868,Unknown
1824488,rs3666583,14,52760254,Tmem260,1.6203816177728925e-08,7.790382692262753,Unknown
1831653,rs13477678,4,45502303,Tmod1,2.6332312996757427e-09,8.57951099134554,cis
1831654,rs3694836,4,45985764,Tmod1,3.382905067184083e-10,9.47071018943537,cis
1834653,rs3711308,2,46084534,Tnfaip6,4.5903588707929535e-09,8.33815336032056,trans
1834654,rs6265423,2,47020131,Tnfaip6,5.959724713733294e-09,8.224773800338241,trans
1834655,CEL-2_50605053,2,50500582,Tnfaip6,1.381644898490464e-08,7.85960356220245,cis
1834656,rs13476491,2,50808752,Tnfaip6,1.1031326629939995e-08,7.957372256062327,cis
1834657,rs13476501,2,52672635,Tnfaip6,1.854106512766407e-08,7.7318653205809555,cis
1868642,rs6245069,6,98258573,Ttll3,4.759463934078667e-10,9.32244195979673,trans
1868643,rs13478923,6,98959904,Ttll3,1.5133051478599668e-09,8.820073490569307,trans
1868644,rs13478924,6,99053858,Ttll3,4.759463934078667e-10,9.32244195979673,trans
1868645,UT_6_102.533298,6,100818194,Ttll3,4.029701017316256e-10,9.394727175036703,trans
1868647,rs13478947,6,104791603,Ttll3,1.693188367291043e-09,8.771294723920366,trans
1868648,rs13478951,6,105762437,Ttll3,2.9252160693715723e-09,8.533842049489474,trans
1868649,rs6334121,6,110884644,Ttll3,1.8473548246689118e-09,8.733449680847885,trans
1868650,rs13478971,6,111249787,Ttll3,8.158503872479628e-10,9.088389475988787,trans
1868651,rs13478975,6,112093706,Ttll3,1.8168255788708618e-10,9.74068676436501,cis
1868652,rs13478980,6,113408783,Ttll3,9.807699097308388e-11,10.008432866885935,cis
1868653,gnf06.112.868,6,113995964,Ttll3,2.6119906237909163e-10,9.583028386372144,cis
1868654,rs6204829,6,115865552,Ttll3,1.7351964309852977e-10,9.760651354265523,trans
1872609,UT_17_3.221024,17,6039015,Tulp4,4.820577270692184e-11,10.316900951291354,cis
1889781,rs6267501,11,36616453,Ublcp1,6.682041808758754e-09,8.175090811359304,trans
1889782,rs3693664,11,42185502,Ublcp1,1.3422596367718145e-13,12.872163469330232,trans
1889783,rs6307831,11,42631877,Ublcp1,1.1102230246251563e-16,15.954589770191006,cis
1889784,rs3706713,11,42844127,Ublcp1,1.1102230246251563e-16,15.954589770191006,cis
1889785,UT_11_44.038626,11,44227084,Ublcp1,1.1102230246251563e-16,15.954589770191006,cis
1889786,D11Mit20,11,44552713,Ublcp1,1.1102230246251563e-16,15.954589770191006,cis
1889787,rs13481014,11,47930884,Ublcp1,9.425996982947991e-09,8.025672703584366,trans
1904744,CEL-19_44215541,19,44953380,Usmg5,1.489698697731967e-09,8.826901561886096,trans
1904745,rs13483647,19,46657000,Usmg5,2.31493713087616e-11,10.6354607990669,cis
1904746,rs13483649,19,47218629,Usmg5,8.38304170525106e-09,8.076598373240621,cis
1908306,rs6259281,3,120606858,Usp53,1.8386156819261142e-08,7.735509040017781,trans
1908307,rs3691246,3,122177061,Usp53,4.5292158912246805e-10,9.343976977587536,cis
1908308,rs3671119,3,126116579,Usp53,5.9928354501082034e-09,8.222367646897393,trans
1908309,rs3670168,3,127995452,Usp53,3.481394061921605e-10,9.45824681577574,trans
1931454,rs13481636,12,108786162,Xrcc3,6.294977872300932e-10,9.201005792157307,trans
1931455,UT_12_105.036685,12,110698473,Xrcc3,1.4500940448414212e-09,8.83860383098487,trans
1931456,CEL-12_104545022,12,111035058,Xrcc3,5.695444116327052e-14,13.244472405079186,trans
1931457,D12Mit280,12,112417841,Xrcc3,1.1102230246251563e-16,15.954589770191006,cis
1931458,rs13481650,12,112426349,Xrcc3,1.1102230246251563e-16,15.954589770191006,cis
1935021,rs13483328,18,43314323,Ythdc2,5.818777237820427e-09,8.235168268728088,cis
1941810,rs13476970,3,10018673,Zfand1,1.0765041080773585e-09,8.967984308514042,cis
1941811,rs6405415,3,10327102,Zfand1,2.2579715874826438e-12,11.646281527192777,cis
1941812,rs6351478,3,12565617,Zfand1,1.7071076774399785e-08,7.7677390844838925,trans
1945388,rs4226520,7,30566471,Zfp146,2.261291154326273e-11,10.645643516125864,cis
1947393,gnf12.035.312,12,37595107,Zfp277,3.2359626089828453e-10,9.489996505232275,trans
1947394,rs13481399,12,39541327,Zfp277,1.5194512315019892e-11,10.818313234530713,cis
1953870,rs13481845,13,63061924,Zfp457,3.25490434605058e-09,8.487461769797111,trans
1953871,D13Mit224,13,64187020,Zfp457,1.3240877283493544e-09,8.878083239461398,trans
1953872,rs6220659,13,64303979,Zfp457,3.25490434605058e-09,8.487461769797111,trans
1953873,rs4229817,13,66981471,Zfp457,5.141032044519989e-11,10.288949689127552,cis
1955468,rs13481845,13,63061924,Zfp458,7.761402631700777e-11,10.110059786452949,trans
1955469,D13Mit224,13,64187020,Zfp458,3.342082166568616e-11,10.4759828769894,trans
1955470,rs6220659,13,64303979,Zfp458,7.761402631700777e-11,10.110059786452949,trans
1955471,rs4229817,13,66981471,Zfp458,4.166333944510825e-12,11.380245922951438,cis
1955472,rs13481861,13,68711508,Zfp458,2.7463911145275688e-09,8.561237614664558,cis
1956360,rs6316136,4,142959727,Zfp534///Zfp991///Zfp987///Zfp992///Zfp986///Znf41-ps///Zfp991,2.0799986510944283e-08,7.681936946682642,Unknown
1956361,rs4224919,4,144563168,Zfp534///Zfp991///Zfp987///Zfp992///Zfp986///Znf41-ps///Zfp991,8.303535636855486e-11,10.080736946103302,Unknown
1956362,rs3675987,4,147659225,Zfp534///Zfp991///Zfp987///Zfp992///Zfp986///Znf41-ps///Zfp991,1.7732482149313e-12,11.751230468668703,Unknown
1967732,rs13478993,6,117050639,Zfp9,9.97791960166694e-10,9.000959999764753,cis
1972761,D9Mit11,9,86133452,Zfp949,2.2357175111231697e-08,7.650583071586492,Unknown
1972764,rs3693091,9,90299276,Zfp949,4.465771086259452e-10,9.350103542465279,Unknown
1979676,gnf17.005.541,17,8688392,Zfp983,2.270079479949061e-08,7.6439589370363805,Unknown
1979677,rs13482864,17,9565936,Zfp983,8.05835731476634e-10,9.093753479515167,Unknown
1979678,rs13482868,17,10586984,Zfp983,7.858147466066613e-11,10.104679825473557,Unknown
1979679,rs13482873,17,11606730,Zfp983,1.028066520802895e-13,12.987978783509071,Unknown
1979680,CEL-17_20354682,17,21827381,Zfp983,4.858504709659428e-10,9.313497371944512,Unknown
1988610,D7Mit371,7,139448713,Zranb1,1.6373588263007832e-08,7.7858561347570125,cis
